"","symbol","security","gics.sector","gics.sub.industry"
"1","MMM","3M Company","Industrials","Industrial Conglomerates"
"2","ABT","Abbott Laboratories","Health Care","Health Care Equipment"
"3","ABBV","AbbVie Inc.","Health Care","Pharmaceuticals"
"4","ABMD","ABIOMED Inc","Health Care","Health Care Equipment"
"5","ACN","Accenture plc","Information Technology","IT Consulting & Other Services"
"6","ATVI","Activision Blizzard","Communication Services","Interactive Home Entertainment"
"7","ADBE","Adobe Inc.","Information Technology","Application Software"
"8","AMD","Advanced Micro Devices Inc","Information Technology","Semiconductors"
"9","AAP","Advance Auto Parts","Consumer Discretionary","Automotive Retail"
"10","AES","AES Corp","Utilities","Independent Power Producers & Energy Traders"
"11","AFL","AFLAC Inc","Financials","Life & Health Insurance"
"12","A","Agilent Technologies Inc","Health Care","Health Care Equipment"
"13","APD","Air Products & Chemicals Inc","Materials","Industrial Gases"
"14","AKAM","Akamai Technologies Inc","Information Technology","Internet Services & Infrastructure"
"15","ALK","Alaska Air Group Inc","Industrials","Airlines"
"16","ALB","Albemarle Corp","Materials","Specialty Chemicals"
"17","ARE","Alexandria Real Estate Equities","Real Estate","Office REITs"
"18","ALXN","Alexion Pharmaceuticals","Health Care","Pharmaceuticals"
"19","ALGN","Align Technology","Health Care","Health Care Supplies"
"20","ALLE","Allegion","Industrials","Building Products"
"21","LNT","Alliant Energy Corp","Utilities","Electric Utilities"
"22","ALL","Allstate Corp","Financials","Property & Casualty Insurance"
"23","GOOGL","Alphabet Inc. (Class A)","Communication Services","Interactive Media & Services"
"24","GOOG","Alphabet Inc. (Class C)","Communication Services","Interactive Media & Services"
"25","MO","Altria Group Inc","Consumer Staples","Tobacco"
"26","AMZN","Amazon.com Inc.","Consumer Discretionary","Internet & Direct Marketing Retail"
"27","AMCR","Amcor plc","Materials","Paper Packaging"
"28","AEE","Ameren Corp","Utilities","Multi-Utilities"
"29","AAL","American Airlines Group","Industrials","Airlines"
"30","AEP","American Electric Power","Utilities","Electric Utilities"
"31","AXP","American Express Co","Financials","Consumer Finance"
"32","AIG","American International Group","Financials","Property & Casualty Insurance"
"33","AMT","American Tower Corp.","Real Estate","Specialized REITs"
"34","AWK","American Water Works Company Inc","Utilities","Water Utilities"
"35","AMP","Ameriprise Financial","Financials","Asset Management & Custody Banks"
"36","ABC","AmerisourceBergen Corp","Health Care","Health Care Distributors"
"37","AME","AMETEK Inc.","Industrials","Electrical Components & Equipment"
"38","AMGN","Amgen Inc.","Health Care","Biotechnology"
"39","APH","Amphenol Corp","Information Technology","Electronic Components"
"40","ADI","Analog Devices, Inc.","Information Technology","Semiconductors"
"41","ANSS","ANSYS, Inc.","Information Technology","Application Software"
"42","ANTM","Anthem","Health Care","Managed Health Care"
"43","AON","Aon plc","Financials","Insurance Brokers"
"44","AOS","A.O. Smith Corp","Industrials","Building Products"
"45","APA","Apache Corporation","Energy","Oil & Gas Exploration & Production"
"46","AAPL","Apple Inc.","Information Technology","Technology Hardware, Storage & Peripherals"
"47","AMAT","Applied Materials Inc.","Information Technology","Semiconductor Equipment"
"48","APTV","Aptiv PLC","Consumer Discretionary","Auto Parts & Equipment"
"49","ADM","Archer-Daniels-Midland Co","Consumer Staples","Agricultural Products"
"50","ANET","Arista Networks","Information Technology","Communications Equipment"
"51","AJG","Arthur J. Gallagher & Co.","Financials","Insurance Brokers"
"52","AIZ","Assurant","Financials","Multi-line Insurance"
"53","T","AT&T Inc.","Communication Services","Integrated Telecommunication Services"
"54","ATO","Atmos Energy","Utilities","Gas Utilities"
"55","ADSK","Autodesk Inc.","Information Technology","Application Software"
"56","ADP","Automatic Data Processing","Information Technology","Data Processing & Outsourced Services"
"57","AZO","AutoZone Inc","Consumer Discretionary","Specialty Stores"
"58","AVB","AvalonBay Communities","Real Estate","Residential REITs"
"59","AVY","Avery Dennison Corp","Materials","Paper Packaging"
"60","BKR","Baker Hughes Co","Energy","Oil & Gas Equipment & Services"
"61","BLL","Ball Corp","Materials","Metal & Glass Containers"
"62","BAC","Bank of America Corp","Financials","Diversified Banks"
"63","BK","The Bank of New York Mellon","Financials","Asset Management & Custody Banks"
"64","BAX","Baxter International Inc.","Health Care","Health Care Equipment"
"65","BDX","Becton Dickinson","Health Care","Health Care Equipment"
"66","BRK-B","Berkshire Hathaway","Financials","Multi-Sector Holdings"
"67","BBY","Best Buy Co. Inc.","Consumer Discretionary","Computer & Electronics Retail"
"68","BIO","Bio-Rad Laboratories","Health Care","Life Sciences Tools & Services"
"69","BIIB","Biogen Inc.","Health Care","Biotechnology"
"70","BLK","BlackRock","Financials","Asset Management & Custody Banks"
"71","BA","Boeing Company","Industrials","Aerospace & Defense"
"72","BKNG","Booking Holdings Inc","Consumer Discretionary","Internet & Direct Marketing Retail"
"73","BWA","BorgWarner","Consumer Discretionary","Auto Parts & Equipment"
"74","BXP","Boston Properties","Real Estate","Office REITs"
"75","BSX","Boston Scientific","Health Care","Health Care Equipment"
"76","BMY","Bristol-Myers Squibb","Health Care","Health Care Distributors"
"77","AVGO","Broadcom Inc.","Information Technology","Semiconductors"
"78","BR","Broadridge Financial Solutions","Information Technology","Data Processing & Outsourced Services"
"79","BF-B","Brown-Forman Corp.","Consumer Staples","Distillers & Vintners"
"80","CHRW","C. H. Robinson Worldwide","Industrials","Air Freight & Logistics"
"81","COG","Cabot Oil & Gas","Energy","Oil & Gas Exploration & Production"
"82","CDNS","Cadence Design Systems","Information Technology","Application Software"
"83","CPB","Campbell Soup","Consumer Staples","Packaged Foods & Meats"
"84","COF","Capital One Financial","Financials","Consumer Finance"
"85","CAH","Cardinal Health Inc.","Health Care","Health Care Distributors"
"86","KMX","Carmax Inc","Consumer Discretionary","Specialty Stores"
"87","CCL","Carnival Corp.","Consumer Discretionary","Hotels, Resorts & Cruise Lines"
"88","CARR","Carrier Global","Industrials","Building Products"
"89","CTLT","Catalent","Health Care","Pharmaceuticals"
"90","CAT","Caterpillar Inc.","Industrials","Construction Machinery & Heavy Trucks"
"91","CBOE","Cboe Global Markets","Financials","Financial Exchanges & Data"
"92","CBRE","CBRE Group","Real Estate","Real Estate Services"
"93","CDW","CDW","Information Technology","Technology Distributors"
"94","CE","Celanese","Materials","Specialty Chemicals"
"95","CNC","Centene Corporation","Health Care","Managed Health Care"
"96","CNP","CenterPoint Energy","Utilities","Multi-Utilities"
"97","CERN","Cerner","Health Care","Health Care Technology"
"98","CF","CF Industries Holdings Inc","Materials","Fertilizers & Agricultural Chemicals"
"99","SCHW","Charles Schwab Corporation","Financials","Investment Banking & Brokerage"
"100","CHTR","Charter Communications","Communication Services","Cable & Satellite"
"101","CVX","Chevron Corp.","Energy","Integrated Oil & Gas"
"102","CMG","Chipotle Mexican Grill","Consumer Discretionary","Restaurants"
"103","CB","Chubb Limited","Financials","Property & Casualty Insurance"
"104","CHD","Church & Dwight","Consumer Staples","Household Products"
"105","CI","CIGNA Corp.","Health Care","Managed Health Care"
"106","CINF","Cincinnati Financial","Financials","Property & Casualty Insurance"
"107","CTAS","Cintas Corporation","Industrials","Diversified Support Services"
"108","CSCO","Cisco Systems","Information Technology","Communications Equipment"
"109","C","Citigroup Inc.","Financials","Diversified Banks"
"110","CFG","Citizens Financial Group","Financials","Regional Banks"
"111","CTXS","Citrix Systems","Information Technology","Application Software"
"112","CLX","The Clorox Company","Consumer Staples","Household Products"
"113","CME","CME Group Inc.","Financials","Financial Exchanges & Data"
"114","CMS","CMS Energy","Utilities","Multi-Utilities"
"115","KO","Coca-Cola Company","Consumer Staples","Soft Drinks"
"116","CTSH","Cognizant Technology Solutions","Information Technology","IT Consulting & Other Services"
"117","CL","Colgate-Palmolive","Consumer Staples","Household Products"
"118","CMCSA","Comcast Corp.","Communication Services","Cable & Satellite"
"119","CMA","Comerica Inc.","Financials","Diversified Banks"
"120","CAG","Conagra Brands","Consumer Staples","Packaged Foods & Meats"
"121","COP","ConocoPhillips","Energy","Oil & Gas Exploration & Production"
"122","ED","Consolidated Edison","Utilities","Electric Utilities"
"123","STZ","Constellation Brands","Consumer Staples","Distillers & Vintners"
"124","COO","The Cooper Companies","Health Care","Health Care Supplies"
"125","CPRT","Copart Inc","Industrials","Diversified Support Services"
"126","GLW","Corning Inc.","Information Technology","Electronic Components"
"127","CTVA","Corteva","Materials","Fertilizers & Agricultural Chemicals"
"128","COST","Costco Wholesale Corp.","Consumer Staples","Hypermarkets & Super Centers"
"129","CCI","Crown Castle International Corp.","Real Estate","Specialized REITs"
"130","CSX","CSX Corp.","Industrials","Railroads"
"131","CMI","Cummins Inc.","Industrials","Industrial Machinery"
"132","CVS","CVS Health","Health Care","Health Care Services"
"133","DHI","D. R. Horton","Consumer Discretionary","Homebuilding"
"134","DHR","Danaher Corp.","Health Care","Health Care Equipment"
"135","DRI","Darden Restaurants","Consumer Discretionary","Restaurants"
"136","DVA","DaVita Inc.","Health Care","Health Care Facilities"
"137","DE","Deere & Co.","Industrials","Agricultural & Farm Machinery"
"138","DAL","Delta Air Lines Inc.","Industrials","Airlines"
"139","XRAY","Dentsply Sirona","Health Care","Health Care Supplies"
"140","DVN","Devon Energy","Energy","Oil & Gas Exploration & Production"
"141","DXCM","DexCom","Health Care","Health Care Equipment"
"142","FANG","Diamondback Energy","Energy","Oil & Gas Exploration & Production"
"143","DLR","Digital Realty Trust Inc","Real Estate","Specialized REITs"
"144","DFS","Discover Financial Services","Financials","Consumer Finance"
"145","DISCA","Discovery, Inc. (Class A)","Communication Services","Broadcasting"
"146","DISCK","Discovery, Inc. (Class C)","Communication Services","Broadcasting"
"147","DISH","Dish Network","Communication Services","Cable & Satellite"
"148","DG","Dollar General","Consumer Discretionary","General Merchandise Stores"
"149","DLTR","Dollar Tree","Consumer Discretionary","General Merchandise Stores"
"150","D","Dominion Energy","Utilities","Electric Utilities"
"151","DPZ","Domino's Pizza","Consumer Discretionary","Restaurants"
"152","DOV","Dover Corporation","Industrials","Industrial Machinery"
"153","DOW","Dow Inc.","Materials","Commodity Chemicals"
"154","DTE","DTE Energy Co.","Utilities","Multi-Utilities"
"155","DUK","Duke Energy","Utilities","Electric Utilities"
"156","DRE","Duke Realty Corp","Real Estate","Industrial REITs"
"157","DD","DuPont de Nemours Inc","Materials","Specialty Chemicals"
"158","DXC","DXC Technology","Information Technology","IT Consulting & Other Services"
"159","EMN","Eastman Chemical","Materials","Diversified Chemicals"
"160","ETN","Eaton Corporation","Industrials","Electrical Components & Equipment"
"161","EBAY","eBay Inc.","Consumer Discretionary","Internet & Direct Marketing Retail"
"162","ECL","Ecolab Inc.","Materials","Specialty Chemicals"
"163","EIX","Edison Int'l","Utilities","Electric Utilities"
"164","EW","Edwards Lifesciences","Health Care","Health Care Equipment"
"165","EA","Electronic Arts","Communication Services","Interactive Home Entertainment"
"166","EMR","Emerson Electric Company","Industrials","Electrical Components & Equipment"
"167","ENPH","Enphase Energy","Information Technology","Semiconductor Equipment"
"168","ETR","Entergy Corp.","Utilities","Electric Utilities"
"169","EOG","EOG Resources","Energy","Oil & Gas Exploration & Production"
"170","EFX","Equifax Inc.","Industrials","Research & Consulting Services"
"171","EQIX","Equinix","Real Estate","Specialized REITs"
"172","EQR","Equity Residential","Real Estate","Residential REITs"
"173","ESS","Essex Property Trust, Inc.","Real Estate","Residential REITs"
"174","EL","Est√©e Lauder Companies","Consumer Staples","Personal Products"
"175","ETSY","Etsy","Consumer Discretionary","Internet & Direct Marketing Retail"
"176","EVRG","Evergy","Utilities","Electric Utilities"
"177","ES","Eversource Energy","Utilities","Multi-Utilities"
"178","RE","Everest Re Group Ltd.","Financials","Reinsurance"
"179","EXC","Exelon Corp.","Utilities","Multi-Utilities"
"180","EXPE","Expedia Group","Consumer Discretionary","Internet & Direct Marketing Retail"
"181","EXPD","Expeditors","Industrials","Air Freight & Logistics"
"182","EXR","Extra Space Storage","Real Estate","Specialized REITs"
"183","XOM","Exxon Mobil Corp.","Energy","Integrated Oil & Gas"
"184","FFIV","F5 Networks","Information Technology","Communications Equipment"
"185","FB","Facebook, Inc.","Communication Services","Interactive Media & Services"
"186","FAST","Fastenal Co","Industrials","Building Products"
"187","FRT","Federal Realty Investment Trust","Real Estate","Retail REITs"
"188","FDX","FedEx Corporation","Industrials","Air Freight & Logistics"
"189","FIS","Fidelity National Information Services","Information Technology","Data Processing & Outsourced Services"
"190","FITB","Fifth Third Bancorp","Financials","Regional Banks"
"191","FE","FirstEnergy Corp","Utilities","Electric Utilities"
"192","FRC","First Republic Bank","Financials","Regional Banks"
"193","FISV","Fiserv Inc","Information Technology","Data Processing & Outsourced Services"
"194","FLT","FleetCor Technologies Inc","Information Technology","Data Processing & Outsourced Services"
"195","FLIR","FLIR Systems","Information Technology","Electronic Equipment & Instruments"
"196","FLS","Flowserve Corporation","Industrials","Industrial Machinery"
"197","FMC","FMC Corporation","Materials","Fertilizers & Agricultural Chemicals"
"198","F","Ford Motor Company","Consumer Discretionary","Automobile Manufacturers"
"199","FTNT","Fortinet","Information Technology","Systems Software"
"200","FTV","Fortive Corp","Industrials","Industrial Machinery"
"201","FBHS","Fortune Brands Home & Security","Industrials","Building Products"
"202","FOXA","Fox Corporation (Class A)","Communication Services","Movies & Entertainment"
"203","FOX","Fox Corporation (Class B)","Communication Services","Movies & Entertainment"
"204","BEN","Franklin Resources","Financials","Asset Management & Custody Banks"
"205","FCX","Freeport-McMoRan Inc.","Materials","Copper"
"206","GPS","Gap Inc.","Consumer Discretionary","Apparel Retail"
"207","GRMN","Garmin Ltd.","Consumer Discretionary","Consumer Electronics"
"208","IT","Gartner Inc","Information Technology","IT Consulting & Other Services"
"209","GD","General Dynamics","Industrials","Aerospace & Defense"
"210","GE","General Electric","Industrials","Industrial Conglomerates"
"211","GIS","General Mills","Consumer Staples","Packaged Foods & Meats"
"212","GM","General Motors","Consumer Discretionary","Automobile Manufacturers"
"213","GPC","Genuine Parts","Consumer Discretionary","Specialty Stores"
"214","GILD","Gilead Sciences","Health Care","Biotechnology"
"215","GL","Globe Life Inc.","Financials","Life & Health Insurance"
"216","GPN","Global Payments Inc.","Information Technology","Data Processing & Outsourced Services"
"217","GS","Goldman Sachs Group","Financials","Investment Banking & Brokerage"
"218","GWW","Grainger (W.W.) Inc.","Industrials","Industrial Machinery"
"219","HAL","Halliburton Co.","Energy","Oil & Gas Equipment & Services"
"220","HBI","Hanesbrands Inc","Consumer Discretionary","Apparel, Accessories & Luxury Goods"
"221","HIG","Hartford Financial Svc.Gp.","Financials","Property & Casualty Insurance"
"222","HAS","Hasbro Inc.","Consumer Discretionary","Leisure Products"
"223","HCA","HCA Healthcare","Health Care","Health Care Facilities"
"224","PEAK","Healthpeak Properties","Real Estate","Health Care REITs"
"225","HSIC","Henry Schein","Health Care","Health Care Distributors"
"226","HSY","The Hershey Company","Consumer Staples","Packaged Foods & Meats"
"227","HES","Hess Corporation","Energy","Integrated Oil & Gas"
"228","HPE","Hewlett Packard Enterprise","Information Technology","Technology Hardware, Storage & Peripherals"
"229","HLT","Hilton Worldwide Holdings Inc","Consumer Discretionary","Hotels, Resorts & Cruise Lines"
"230","HFC","HollyFrontier Corp","Energy","Oil & Gas Refining & Marketing"
"231","HOLX","Hologic","Health Care","Health Care Equipment"
"232","HD","Home Depot","Consumer Discretionary","Home Improvement Retail"
"233","HON","Honeywell Int'l Inc.","Industrials","Industrial Conglomerates"
"234","HRL","Hormel Foods Corp.","Consumer Staples","Packaged Foods & Meats"
"235","HST","Host Hotels & Resorts","Real Estate","Hotel & Resort REITs"
"236","HWM","Howmet Aerospace","Industrials","Aerospace & Defense"
"237","HPQ","HP Inc.","Information Technology","Technology Hardware, Storage & Peripherals"
"238","HUM","Humana Inc.","Health Care","Managed Health Care"
"239","HBAN","Huntington Bancshares","Financials","Regional Banks"
"240","HII","Huntington Ingalls Industries","Industrials","Aerospace & Defense"
"241","IEX","IDEX Corporation","Industrials","Industrial Machinery"
"242","IDXX","IDEXX Laboratories","Health Care","Health Care Equipment"
"243","INFO","IHS Markit Ltd.","Industrials","Research & Consulting Services"
"244","ITW","Illinois Tool Works","Industrials","Industrial Machinery"
"245","ILMN","Illumina Inc","Health Care","Life Sciences Tools & Services"
"246","INCY","Incyte","Health Care","Biotechnology"
"247","IR","Ingersoll Rand","Industrials","Industrial Machinery"
"248","INTC","Intel Corp.","Information Technology","Semiconductors"
"249","ICE","Intercontinental Exchange","Financials","Financial Exchanges & Data"
"250","IBM","International Business Machines","Information Technology","IT Consulting & Other Services"
"251","IP","International Paper","Materials","Paper Packaging"
"252","IPG","Interpublic Group","Communication Services","Advertising"
"253","IFF","International Flavors & Fragrances","Materials","Specialty Chemicals"
"254","INTU","Intuit Inc.","Information Technology","Application Software"
"255","ISRG","Intuitive Surgical Inc.","Health Care","Health Care Equipment"
"256","IVZ","Invesco Ltd.","Financials","Asset Management & Custody Banks"
"257","IPGP","IPG Photonics Corp.","Information Technology","Electronic Manufacturing Services"
"258","IQV","IQVIA Holdings Inc.","Health Care","Life Sciences Tools & Services"
"259","IRM","Iron Mountain Incorporated","Real Estate","Specialized REITs"
"260","JKHY","Jack Henry & Associates","Information Technology","Data Processing & Outsourced Services"
"261","J","Jacobs Engineering Group","Industrials","Construction & Engineering"
"262","JBHT","J. B. Hunt Transport Services","Industrials","Trucking"
"263","SJM","JM Smucker","Consumer Staples","Packaged Foods & Meats"
"264","JNJ","Johnson & Johnson","Health Care","Pharmaceuticals"
"265","JCI","Johnson Controls International","Industrials","Building Products"
"266","JPM","JPMorgan Chase & Co.","Financials","Diversified Banks"
"267","JNPR","Juniper Networks","Information Technology","Communications Equipment"
"268","KSU","Kansas City Southern","Industrials","Railroads"
"269","K","Kellogg Co.","Consumer Staples","Packaged Foods & Meats"
"270","KEY","KeyCorp","Financials","Regional Banks"
"271","KEYS","Keysight Technologies","Information Technology","Electronic Equipment & Instruments"
"272","KMB","Kimberly-Clark","Consumer Staples","Household Products"
"273","KIM","Kimco Realty","Real Estate","Retail REITs"
"274","KMI","Kinder Morgan","Energy","Oil & Gas Storage & Transportation"
"275","KLAC","KLA Corporation","Information Technology","Semiconductor Equipment"
"276","KHC","Kraft Heinz Co","Consumer Staples","Packaged Foods & Meats"
"277","KR","Kroger Co.","Consumer Staples","Food Retail"
"278","LB","L Brands Inc.","Consumer Discretionary","Apparel Retail"
"279","LHX","L3Harris Technologies","Industrials","Aerospace & Defense"
"280","LH","Laboratory Corp. of America Holding","Health Care","Health Care Services"
"281","LRCX","Lam Research","Information Technology","Semiconductor Equipment"
"282","LW","Lamb Weston Holdings Inc","Consumer Staples","Packaged Foods & Meats"
"283","LVS","Las Vegas Sands","Consumer Discretionary","Casinos & Gaming"
"284","LEG","Leggett & Platt","Consumer Discretionary","Home Furnishings"
"285","LDOS","Leidos Holdings","Information Technology","IT Consulting & Other Services"
"286","LEN","Lennar Corp.","Consumer Discretionary","Homebuilding"
"287","LLY","Lilly (Eli) & Co.","Health Care","Pharmaceuticals"
"288","LNC","Lincoln National","Financials","Multi-line Insurance"
"289","LIN","Linde plc","Materials","Industrial Gases"
"290","LYV","Live Nation Entertainment","Communication Services","Movies & Entertainment"
"291","LKQ","LKQ Corporation","Consumer Discretionary","Distributors"
"292","LMT","Lockheed Martin Corp.","Industrials","Aerospace & Defense"
"293","L","Loews Corp.","Financials","Multi-line Insurance"
"294","LOW","Lowe's Cos.","Consumer Discretionary","Home Improvement Retail"
"295","LUMN","Lumen Technologies","Communication Services","Alternative Carriers"
"296","LYB","LyondellBasell","Materials","Specialty Chemicals"
"297","MTB","M&T Bank Corp.","Financials","Regional Banks"
"298","MRO","Marathon Oil Corp.","Energy","Oil & Gas Exploration & Production"
"299","MPC","Marathon Petroleum","Energy","Oil & Gas Refining & Marketing"
"300","MKTX","MarketAxess","Financials","Financial Exchanges & Data"
"301","MAR","Marriott Int'l.","Consumer Discretionary","Hotels, Resorts & Cruise Lines"
"302","MMC","Marsh & McLennan","Financials","Insurance Brokers"
"303","MLM","Martin Marietta Materials","Materials","Construction Materials"
"304","MAS","Masco Corp.","Industrials","Building Products"
"305","MA","Mastercard Inc.","Information Technology","Data Processing & Outsourced Services"
"306","MKC","McCormick & Co.","Consumer Staples","Packaged Foods & Meats"
"307","MXIM","Maxim Integrated Products Inc","Information Technology","Semiconductors"
"308","MCD","McDonald's Corp.","Consumer Discretionary","Restaurants"
"309","MCK","McKesson Corp.","Health Care","Health Care Distributors"
"310","MDT","Medtronic plc","Health Care","Health Care Equipment"
"311","MRK","Merck & Co.","Health Care","Pharmaceuticals"
"312","MET","MetLife Inc.","Financials","Life & Health Insurance"
"313","MTD","Mettler Toledo","Health Care","Life Sciences Tools & Services"
"314","MGM","MGM Resorts International","Consumer Discretionary","Casinos & Gaming"
"315","MCHP","Microchip Technology","Information Technology","Semiconductors"
"316","MU","Micron Technology","Information Technology","Semiconductors"
"317","MSFT","Microsoft Corp.","Information Technology","Systems Software"
"318","MAA","Mid-America Apartments","Real Estate","Residential REITs"
"319","MHK","Mohawk Industries","Consumer Discretionary","Home Furnishings"
"320","TAP","Molson Coors Beverage Company","Consumer Staples","Brewers"
"321","MDLZ","Mondelez International","Consumer Staples","Packaged Foods & Meats"
"322","MNST","Monster Beverage","Consumer Staples","Soft Drinks"
"323","MCO","Moody's Corp","Financials","Financial Exchanges & Data"
"324","MS","Morgan Stanley","Financials","Investment Banking & Brokerage"
"325","MOS","The Mosaic Company","Materials","Fertilizers & Agricultural Chemicals"
"326","MSI","Motorola Solutions Inc.","Information Technology","Communications Equipment"
"327","MSCI","MSCI Inc","Financials","Financial Exchanges & Data"
"328","NDAQ","Nasdaq, Inc.","Financials","Financial Exchanges & Data"
"329","NTAP","NetApp","Information Technology","Technology Hardware, Storage & Peripherals"
"330","NFLX","Netflix Inc.","Communication Services","Movies & Entertainment"
"331","NWL","Newell Brands","Consumer Discretionary","Housewares & Specialties"
"332","NEM","Newmont Corporation","Materials","Gold"
"333","NWSA","News Corp. Class A","Communication Services","Publishing"
"334","NWS","News Corp. Class B","Communication Services","Publishing"
"335","NEE","NextEra Energy","Utilities","Multi-Utilities"
"336","NLSN","Nielsen Holdings","Industrials","Research & Consulting Services"
"337","NKE","Nike, Inc.","Consumer Discretionary","Apparel, Accessories & Luxury Goods"
"338","NI","NiSource Inc.","Utilities","Multi-Utilities"
"339","NSC","Norfolk Southern Corp.","Industrials","Railroads"
"340","NTRS","Northern Trust Corp.","Financials","Asset Management & Custody Banks"
"341","NOC","Northrop Grumman","Industrials","Aerospace & Defense"
"342","NLOK","NortonLifeLock","Information Technology","Application Software"
"343","NCLH","Norwegian Cruise Line Holdings","Consumer Discretionary","Hotels, Resorts & Cruise Lines"
"344","NOV","NOV Inc.","Energy","Oil & Gas Equipment & Services"
"345","NRG","NRG Energy","Utilities","Independent Power Producers & Energy Traders"
"346","NUE","Nucor Corp.","Materials","Steel"
"347","NVDA","Nvidia Corporation","Information Technology","Semiconductors"
"348","NVR","NVR, Inc.","Consumer Discretionary","Homebuilding"
"349","ORLY","O'Reilly Automotive","Consumer Discretionary","Specialty Stores"
"350","OXY","Occidental Petroleum","Energy","Oil & Gas Exploration & Production"
"351","ODFL","Old Dominion Freight Line","Industrials","Trucking"
"352","OMC","Omnicom Group","Communication Services","Advertising"
"353","OKE","ONEOK","Energy","Oil & Gas Storage & Transportation"
"354","ORCL","Oracle Corp.","Information Technology","Application Software"
"355","OTIS","Otis Worldwide","Industrials","Industrial Machinery"
"356","PCAR","PACCAR Inc.","Industrials","Construction Machinery & Heavy Trucks"
"357","PKG","Packaging Corporation of America","Materials","Paper Packaging"
"358","PH","Parker-Hannifin","Industrials","Industrial Machinery"
"359","PAYX","Paychex Inc.","Information Technology","Data Processing & Outsourced Services"
"360","PAYC","Paycom","Information Technology","Application Software"
"361","PYPL","PayPal","Information Technology","Data Processing & Outsourced Services"
"362","PNR","Pentair plc","Industrials","Industrial Machinery"
"363","PBCT","People's United Financial","Financials","Thrifts & Mortgage Finance"
"364","PEP","PepsiCo Inc.","Consumer Staples","Soft Drinks"
"365","PKI","PerkinElmer","Health Care","Health Care Equipment"
"366","PRGO","Perrigo","Health Care","Pharmaceuticals"
"367","PFE","Pfizer Inc.","Health Care","Pharmaceuticals"
"368","PM","Philip Morris International","Consumer Staples","Tobacco"
"369","PSX","Phillips 66","Energy","Oil & Gas Refining & Marketing"
"370","PNW","Pinnacle West Capital","Utilities","Multi-Utilities"
"371","PXD","Pioneer Natural Resources","Energy","Oil & Gas Exploration & Production"
"372","PNC","PNC Financial Services","Financials","Regional Banks"
"373","POOL","Pool Corporation","Consumer Discretionary","Distributors"
"374","PPG","PPG Industries","Materials","Specialty Chemicals"
"375","PPL","PPL Corp.","Utilities","Electric Utilities"
"376","PFG","Principal Financial Group","Financials","Life & Health Insurance"
"377","PG","Procter & Gamble","Consumer Staples","Personal Products"
"378","PGR","Progressive Corp.","Financials","Property & Casualty Insurance"
"379","PLD","Prologis","Real Estate","Industrial REITs"
"380","PRU","Prudential Financial","Financials","Life & Health Insurance"
"381","PEG","Public Service Enterprise Group (PSEG)","Utilities","Electric Utilities"
"382","PSA","Public Storage","Real Estate","Specialized REITs"
"383","PHM","PulteGroup","Consumer Discretionary","Homebuilding"
"384","PVH","PVH Corp.","Consumer Discretionary","Apparel, Accessories & Luxury Goods"
"385","QRVO","Qorvo","Information Technology","Semiconductors"
"386","PWR","Quanta Services Inc.","Industrials","Construction & Engineering"
"387","QCOM","QUALCOMM Inc.","Information Technology","Semiconductors"
"388","DGX","Quest Diagnostics","Health Care","Health Care Services"
"389","RL","Ralph Lauren Corporation","Consumer Discretionary","Apparel, Accessories & Luxury Goods"
"390","RJF","Raymond James Financial, Inc.","Financials","Investment Banking & Brokerage"
"391","RTX","Raytheon Technologies","Industrials","Aerospace & Defense"
"392","O","Realty Income Corporation","Real Estate","Retail REITs"
"393","REG","Regency Centers Corporation","Real Estate","Retail REITs"
"394","REGN","Regeneron Pharmaceuticals","Health Care","Biotechnology"
"395","RF","Regions Financial Corp.","Financials","Regional Banks"
"396","RSG","Republic Services Inc","Industrials","Environmental & Facilities Services"
"397","RMD","ResMed","Health Care","Health Care Equipment"
"398","RHI","Robert Half International","Industrials","Human Resource & Employment Services"
"399","ROK","Rockwell Automation Inc.","Industrials","Electrical Components & Equipment"
"400","ROL","Rollins, Inc.","Industrials","Environmental & Facilities Services"
"401","ROP","Roper Technologies","Industrials","Industrial Conglomerates"
"402","ROST","Ross Stores","Consumer Discretionary","Apparel Retail"
"403","RCL","Royal Caribbean Group","Consumer Discretionary","Hotels, Resorts & Cruise Lines"
"404","SPGI","S&P Global Inc.","Financials","Financial Exchanges & Data"
"405","CRM","Salesforce.com","Information Technology","Application Software"
"406","SBAC","SBA Communications","Real Estate","Specialized REITs"
"407","SLB","Schlumberger Ltd.","Energy","Oil & Gas Equipment & Services"
"408","STX","Seagate Technology","Information Technology","Technology Hardware, Storage & Peripherals"
"409","SEE","Sealed Air","Materials","Paper Packaging"
"410","SRE","Sempra Energy","Utilities","Multi-Utilities"
"411","NOW","ServiceNow","Information Technology","Systems Software"
"412","SHW","Sherwin-Williams","Materials","Specialty Chemicals"
"413","SPG","Simon Property Group Inc","Real Estate","Retail REITs"
"414","SWKS","Skyworks Solutions","Information Technology","Semiconductors"
"415","SLG","SL Green Realty","Real Estate","Office REITs"
"416","SNA","Snap-on","Industrials","Industrial Machinery"
"417","SO","Southern Company","Utilities","Electric Utilities"
"418","LUV","Southwest Airlines","Industrials","Airlines"
"419","SWK","Stanley Black & Decker","Industrials","Industrial Machinery"
"420","SBUX","Starbucks Corp.","Consumer Discretionary","Restaurants"
"421","STT","State Street Corp.","Financials","Asset Management & Custody Banks"
"422","STE","STERIS plc","Health Care","Health Care Equipment"
"423","SYK","Stryker Corp.","Health Care","Health Care Equipment"
"424","SIVB","SVB Financial","Financials","Regional Banks"
"425","SYF","Synchrony Financial","Financials","Consumer Finance"
"426","SNPS","Synopsys Inc.","Information Technology","Application Software"
"427","SYY","Sysco Corp.","Consumer Staples","Food Distributors"
"428","TMUS","T-Mobile US","Communication Services","Wireless Telecommunication Services"
"429","TROW","T. Rowe Price Group","Financials","Asset Management & Custody Banks"
"430","TTWO","Take-Two Interactive","Communication Services","Interactive Home Entertainment"
"431","TPR","Tapestry, Inc.","Consumer Discretionary","Apparel, Accessories & Luxury Goods"
"432","TGT","Target Corp.","Consumer Discretionary","General Merchandise Stores"
"433","TEL","TE Connectivity Ltd.","Information Technology","Electronic Manufacturing Services"
"434","FTI","TechnipFMC","Energy","Oil & Gas Equipment & Services"
"435","TDY","Teledyne Technologies","Industrials","Aerospace & Defense"
"436","TFX","Teleflex","Health Care","Health Care Equipment"
"437","TER","Teradyne","Information Technology","Semiconductor Equipment"
"438","TSLA","Tesla, Inc.","Consumer Discretionary","Automobile Manufacturers"
"439","TXN","Texas Instruments","Information Technology","Semiconductors"
"440","TXT","Textron Inc.","Industrials","Aerospace & Defense"
"441","TMO","Thermo Fisher Scientific","Health Care","Life Sciences Tools & Services"
"442","TJX","TJX Companies Inc.","Consumer Discretionary","Apparel Retail"
"443","TSCO","Tractor Supply Company","Consumer Discretionary","Specialty Stores"
"444","TT","Trane Technologies plc","Industrials","Building Products"
"445","TDG","TransDigm Group","Industrials","Aerospace & Defense"
"446","TRV","The Travelers Companies Inc.","Financials","Property & Casualty Insurance"
"447","TRMB","Trimble Inc.","Information Technology","Electronic Equipment & Instruments"
"448","TFC","Truist Financial","Financials","Regional Banks"
"449","TWTR","Twitter, Inc.","Communication Services","Interactive Media & Services"
"450","TYL","Tyler Technologies","Information Technology","Application Software"
"451","TSN","Tyson Foods","Consumer Staples","Packaged Foods & Meats"
"452","UDR","UDR, Inc.","Real Estate","Residential REITs"
"453","ULTA","Ulta Beauty","Consumer Discretionary","Specialty Stores"
"454","USB","U.S. Bancorp","Financials","Diversified Banks"
"455","UAA","Under Armour (Class A)","Consumer Discretionary","Apparel, Accessories & Luxury Goods"
"456","UA","Under Armour (Class C)","Consumer Discretionary","Apparel, Accessories & Luxury Goods"
"457","UNP","Union Pacific Corp","Industrials","Railroads"
"458","UAL","United Airlines Holdings","Industrials","Airlines"
"459","UNH","UnitedHealth Group Inc.","Health Care","Managed Health Care"
"460","UPS","United Parcel Service","Industrials","Air Freight & Logistics"
"461","URI","United Rentals, Inc.","Industrials","Trading Companies & Distributors"
"462","UHS","Universal Health Services","Health Care","Health Care Facilities"
"463","UNM","Unum Group","Financials","Life & Health Insurance"
"464","VLO","Valero Energy","Energy","Oil & Gas Refining & Marketing"
"465","VAR","Varian Medical Systems","Health Care","Health Care Equipment"
"466","VTR","Ventas Inc","Real Estate","Health Care REITs"
"467","VRSN","Verisign Inc.","Information Technology","Internet Services & Infrastructure"
"468","VRSK","Verisk Analytics","Industrials","Research & Consulting Services"
"469","VZ","Verizon Communications","Communication Services","Integrated Telecommunication Services"
"470","VRTX","Vertex Pharmaceuticals Inc","Health Care","Biotechnology"
"471","VFC","VF Corporation","Consumer Discretionary","Apparel, Accessories & Luxury Goods"
"472","VIAC","ViacomCBS","Communication Services","Movies & Entertainment"
"473","VTRS","Viatris","Health Care","Pharmaceuticals"
"474","V","Visa Inc.","Information Technology","Data Processing & Outsourced Services"
"475","VNT","Vontier","Information Technology","Electronic Equipment & Instruments"
"476","VNO","Vornado Realty Trust","Real Estate","Office REITs"
"477","VMC","Vulcan Materials","Materials","Construction Materials"
"478","WRB","W. R. Berkley Corporation","Financials","Property & Casualty Insurance"
"479","WAB","Westinghouse Air Brake Technologies Corp","Industrials","Construction Machinery & Heavy Trucks"
"480","WMT","Walmart","Consumer Staples","Hypermarkets & Super Centers"
"481","WBA","Walgreens Boots Alliance","Consumer Staples","Drug Retail"
"482","DIS","The Walt Disney Company","Communication Services","Movies & Entertainment"
"483","WM","Waste Management Inc.","Industrials","Environmental & Facilities Services"
"484","WAT","Waters Corporation","Health Care","Health Care Distributors"
"485","WEC","WEC Energy Group","Utilities","Electric Utilities"
"486","WFC","Wells Fargo","Financials","Diversified Banks"
"487","WELL","Welltower Inc.","Real Estate","Health Care REITs"
"488","WST","West Pharmaceutical Services","Health Care","Health Care Supplies"
"489","WDC","Western Digital","Information Technology","Technology Hardware, Storage & Peripherals"
"490","WU","Western Union Co","Information Technology","Data Processing & Outsourced Services"
"491","WRK","WestRock","Materials","Paper Packaging"
"492","WY","Weyerhaeuser","Real Estate","Specialized REITs"
"493","WHR","Whirlpool Corp.","Consumer Discretionary","Household Appliances"
"494","WMB","Williams Companies","Energy","Oil & Gas Storage & Transportation"
"495","WLTW","Willis Towers Watson","Financials","Insurance Brokers"
"496","WYNN","Wynn Resorts Ltd","Consumer Discretionary","Casinos & Gaming"
"497","XEL","Xcel Energy Inc","Utilities","Multi-Utilities"
"498","XRX","Xerox","Information Technology","Technology Hardware, Storage & Peripherals"
"499","XLNX","Xilinx","Information Technology","Semiconductors"
"500","XYL","Xylem Inc.","Industrials","Industrial Machinery"
"501","YUM","Yum! Brands Inc","Consumer Discretionary","Restaurants"
"502","ZBRA","Zebra Technologies","Information Technology","Electronic Equipment & Instruments"
"503","ZBH","Zimmer Biomet","Health Care","Health Care Equipment"
"504","ZION","Zions Bancorp","Financials","Regional Banks"
"505","ZTS","Zoetis","Health Care","Pharmaceuticals"
